random_ID,total_income_hhld_code
1,13
2,7
3,14
4,14
7,13
8,14
9,13
10,14
12,7
13,14
14,12
15,12
16,11
17,8
18,13
19,13
20,10
21,13
22,14
23,14
24,13
25,12
27,14
28,13
29,12
30,14
31,14
33,14
34,14
35,13
36,14
37,9
39,12
41,13
42,13
43,12
44,11
46,12
47,12
48,10
49,12
50,11
52,7
55,11
57,10
58,13
59,12
60,9
61,13
62,12
67,13
68,13
69,14
71,3
72,13
73,14
75,7
76,11
78,13
79,12
80,14
81,14
82,12
83,12
86,13
87,14
88,12
89,14
92,13
93,12
94,13
95,14
96,13
97,13
98,5
99,14
100,13
101,14
103,13
104,13
105,12
106,8
108,14
110,12
112,12
113,12
115,12
117,14
118,13
120,14
122,12
123,8
125,14
126,7
127,13
128,12
129,11
130,10
131,14
132,9
133,6
134,14
135,7
136,12
137,12
138,13
139,12
140,14
141,12
142,13
143,13
147,14
149,7
150,13
151,11
152,14
153,14
154,14
155,13
156,12
157,10
160,13
161,11
162,10
165,14
170,6
172,13
173,13
174,7
175,12
176,7
177,13
178,9
179,13
181,14
182,13
183,9
184,14
185,14
186,12
187,13
188,13
189,12
190,13
191,13
193,11
195,13
196,14
197,11
198,13
199,12
200,14
201,12
203,12
204,14
205,14
206,11
207,11
208,14
209,12
210,12
211,14
212,2
213,12
214,11
215,12
216,13
217,6
218,12
221,5
222,9
225,13
227,14
229,13
231,14
233,13
234,11
235,12
236,9
237,13
238,14
239,10
240,14
242,14
246,12
247,12
248,12
249,5
250,14
251,12
252,12
253,14
254,10
255,13
256,10
257,14
258,14
259,12
260,11
262,13
263,12
264,13
265,10
266,5
267,12
268,12
269,9
271,14
277,13
278,14
279,12
280,12
281,13
282,13
284,13
286,12
287,6
288,14
289,12
291,10
292,12
294,14
295,12
297,14
298,14
299,12
300,12
301,10
302,10
303,11
305,13
307,5
309,13
310,12
311,13
312,13
313,14
314,13
315,11
317,5
318,11
321,13
322,14
323,14
324,14
325,13
326,14
329,13
330,14
331,8
332,7
333,7
335,14
336,12
337,10
340,13
341,12
342,12
343,10
344,12
345,12
346,13
347,13
348,8
349,13
350,14
351,4
353,14
354,14
355,11
356,11
358,12
359,14
360,12
362,13
363,14
364,14
367,10
368,11
369,10
370,10
372,12
374,7
375,5
376,5
377,14
378,12
379,13
380,14
381,14
382,13
383,10
384,6
385,7
386,12
387,12
388,13
389,12
390,12
391,5
392,12
394,7
396,13
397,14
398,14
399,13
400,13
401,11
402,12
403,14
404,12
408,12
409,13
410,12
411,14
413,12
414,14
415,14
418,12
419,13
420,13
421,12
423,14
424,12
426,13
427,14
428,12
429,14
430,3
431,13
433,10
434,12
435,12
438,7
441,12
442,12
443,13
444,12
445,12
450,13
451,13
453,12
454,14
456,5
457,14
458,13
460,12
462,13
463,14
465,10
466,14
467,13
470,13
471,12
472,7
473,13
474,5
475,12
477,6
478,12
479,12
481,5
482,13
483,14
485,12
486,14
488,13
489,12
490,14
492,7
493,14
494,12
496,14
500,14
501,13
502,14
505,12
506,6
507,12
509,13
510,14
515,14
517,12
519,12
520,13
521,13
522,14
523,14
525,7
526,12
527,12
528,13
529,13
530,11
531,14
532,13
533,7
534,14
535,12
538,12
539,12
540,14
542,8
547,7
548,13
549,14
550,13
552,12
553,14
554,6
555,7
558,14
559,9
560,14
561,14
562,14
565,10
566,14
567,12
569,12
570,12
571,12
572,11
573,14
574,13
575,13
576,13
577,5
578,13
579,6
580,12
585,12
586,6
587,12
588,7
589,7
590,14
592,14
593,13
594,10
595,12
598,14
599,13
601,14
602,12
603,13
604,11
607,14
608,7
609,13
610,12
612,13
614,13
615,13
616,12
619,13
620,5
621,12
622,12
623,12
624,14
626,12
627,13
628,13
630,12
632,14
633,12
634,12
635,9
636,13
637,12
639,13
640,13
641,14
642,12
643,14
644,12
645,13
646,12
647,13
648,12
649,12
650,14
651,14
653,13
655,12
656,14
657,13
658,12
662,7
663,13
664,13
665,6
666,14
667,14
668,12
669,7
671,14
672,13
674,12
675,9
677,13
678,11
680,10
681,13
682,14
683,12
684,12
685,14
686,12
687,10
688,8
689,13
690,12
691,11
692,14
694,14
695,12
696,7
698,7
700,12
702,12
704,13
705,12
708,12
709,14
710,10
712,14
713,11
714,12
715,14
716,13
717,13
719,13
721,13
722,10
723,7
724,14
725,8
726,7
727,14
728,9
729,13
731,11
732,11
733,13
734,12
735,11
736,14
737,14
738,13
740,7
741,13
743,12
744,7
745,12
746,13
747,6
748,14
749,10
750,13
751,12
753,14
755,7
756,10
757,12
759,13
760,14
762,14
763,14
764,9
765,9
767,13
768,13
771,12
772,12
773,12
775,12
776,14
777,12
778,11
779,13
780,13
781,14
782,12
783,10
784,9
785,11
786,7
787,13
789,11
790,12
791,14
793,14
796,10
798,13
799,10
800,12
802,14
803,14
804,13
805,13
806,12
807,14
808,11
809,12
810,11
811,14
812,11
813,13
814,7
815,7
816,12
817,14
818,13
820,12
822,5
823,13
824,12
825,13
826,13
827,13
828,7
829,13
833,6
834,10
835,13
836,10
839,12
840,12
841,14
842,13
843,14
844,5
845,7
846,13
847,13
848,14
850,5
851,12
852,13
853,12
854,10
855,12
856,7
857,12
858,13
860,12
862,13
863,11
865,12
866,14
867,13
868,14
869,2
871,12
872,13
875,7
877,10
878,12
879,13
880,13
881,11
882,12
886,12
889,14
890,7
891,14
893,11
894,13
895,11
896,14
899,10
900,12
901,12
902,14
905,7
906,13
907,12
908,11
910,11
912,12
914,13
916,13
917,14
918,12
919,10
920,12
921,14
922,13
923,12
924,8
925,5
926,12
927,14
929,13
932,12
933,13
935,13
936,13
937,13
938,7
939,14
940,13
942,13
945,13
947,7
948,14
949,12
951,12
952,14
953,4
954,14
955,12
956,14
957,14
958,14
961,9
962,13
965,12
966,12
967,14
969,14
973,14
974,13
975,13
977,4
978,13
979,10
980,11
981,12
983,9
984,13
985,12
986,13
987,4
988,4
989,12
990,8
991,14
994,13
995,13
996,13
998,11
999,7
1000,13
1003,2
1004,13
1005,11
1006,14
1007,12
1008,11
1009,12
1010,14
1011,10
1012,12
1013,13
1014,13
1015,14
1016,13
1018,12
1019,14
1023,11
1024,14
1025,12
1026,9
1027,13
1028,7
1029,13
1030,12
1031,12
1032,12
1033,14
1034,14
1035,6
1037,12
1038,7
1039,14
1040,14
1041,12
1042,12
1043,13
1044,13
1045,7
1046,12
1047,10
1048,12
1049,12
1050,5
1054,9
1055,5
1056,13
1057,13
1058,14
1059,14
1060,14
1062,14
1063,12
1064,14
1066,12
1067,13
1069,14
1071,11
1072,12
1073,12
1074,13
1075,7
1076,12
1077,12
1079,10
1080,6
1081,12
1082,14
1084,14
1085,14
1088,12
1090,14
1091,13
1093,12
1094,13
1095,12
1096,13
1097,12
1098,13
1099,12
1100,13
1102,12
1103,13
1106,7
1108,7
1109,13
1110,7
1113,14
1115,14
1116,14
1117,12
1118,14
1119,14
1120,14
1121,12
1125,5
1127,12
1128,14
1131,13
1132,12
1134,13
1135,11
1136,12
1137,12
1138,13
1140,14
1142,7
1143,14
1144,5
1145,12
1146,12
1148,14
1149,12
1150,12
1151,13
1152,14
1153,13
1154,13
1156,14
1157,14
1159,14
1161,5
1163,6
1164,13
1165,9
1166,12
1167,11
1168,14
1169,12
1170,14
1171,12
1173,14
1174,7
1175,3
1176,14
1180,13
1181,13
1182,14
1184,5
1185,14
1190,12
1192,13
1193,13
1195,14
1197,11
1198,14
1199,14
1200,13
1202,12
1203,13
1204,13
1205,14
1206,14
1207,13
1208,14
1209,11
1210,14
1211,12
1212,7
1213,13
1215,7
1216,12
1218,13
1219,13
1220,9
1221,14
1223,14
1224,9
1227,13
1228,8
1229,5
1230,6
1232,14
1234,10
1235,14
1236,12
1237,13
1238,12
1239,12
1240,14
1241,7
1243,13
1245,13
1246,9
1247,13
1248,13
1250,14
1251,13
1253,14
1255,12
1256,12
1257,14
1258,14
1259,5
1261,8
1263,11
1264,12
1265,14
1266,7
1267,12
1268,12
1269,11
1272,13
1273,7
1274,12
1275,14
1276,13
1277,14
1278,13
1279,13
1283,10
1284,14
1286,13
1287,12
1288,11
1289,12
1290,13
1291,13
1292,13
1293,14
1294,14
1296,14
1297,6
1298,14
1299,8
1301,13
1302,12
1303,11
1304,7
1306,13
1307,7
1309,12
1310,13
1311,14
1313,13
1315,14
1316,13
1317,14
1318,13
1319,10
1320,13
1321,14
1322,12
1323,12
1324,7
1326,13
1328,14
1329,13
1330,13
1331,13
1332,12
1333,7
1334,5
1336,14
1337,6
1338,13
1339,12
1340,13
1341,13
1342,13
1343,13
1344,14
1345,13
1347,13
1348,12
1349,9
1350,13
1351,12
1352,13
1354,13
1356,13
1357,14
1358,14
1360,12
1362,10
1366,13
1367,13
1368,12
1370,11
1371,4
1372,13
1373,10
1374,12
1375,14
1376,14
1377,7
1378,13
1381,12
1382,12
1383,13
1384,12
1385,14
1386,7
1387,14
1388,14
1390,12
1391,14
1392,14
1393,12
1394,7
1395,12
1397,13
1398,12
1399,11
1400,13
1401,13
1403,13
1404,6
1406,12
1407,12
1408,14
1409,12
1410,13
1411,14
1412,12
1413,14
1414,5
1415,10
1416,12
1419,14
1421,13
1422,12
1423,7
1424,13
1425,7
1428,14
1430,13
1431,7
1432,13
1433,10
1434,13
1435,14
1436,12
1437,14
1438,14
1440,12
1444,13
1445,14
1446,13
1447,14
1448,11
1450,11
1451,12
1452,11
1453,14
1454,13
1455,10
1457,13
1458,12
1459,11
1460,14
1461,14
1462,14
1463,14
1464,13
1465,7
1466,13
1468,12
1469,10
1470,14
1471,13
1472,6
1474,11
1476,12
1477,12
1479,14
1480,13
1483,7
1484,13
1485,13
1486,6
1488,13
1489,13
1490,14
1491,13
1493,4
1494,12
1495,12
1496,12
1497,14
1498,12
1499,4
1501,13
1502,12
1505,14
1506,12
1507,13
1508,12
1509,14
1511,14
1512,13
1514,14
1515,11
1516,14
1517,13
1518,12
1519,12
1520,12
1521,5
1522,12
1524,12
1525,14
1526,14
1528,13
1530,14
1532,12
1533,7
1534,9
1535,14
1536,7
1537,12
1538,14
1539,12
1540,12
1542,14
1543,13
1544,14
1546,14
1548,14
1549,12
1550,10
1553,12
1554,14
1555,10
1558,12
1559,12
1560,14
1561,14
1562,14
1564,12
1568,14
1570,14
1575,7
1578,6
1579,13
1580,14
1581,12
1582,13
1583,7
1584,12
1586,14
1587,14
1588,14
1589,14
1591,14
1592,13
1593,14
1597,13
1598,5
1600,13
1601,7
1602,7
1603,13
1604,13
1605,5
1606,13
1609,11
1610,12
1611,4
1612,7
1613,12
1614,11
1616,12
1617,12
1618,12
1619,13
1620,10
1621,12
1622,11
1623,12
1624,11
1626,11
1628,6
1629,14
1630,13
1631,6
1633,14
1634,9
1635,7
1636,12
1637,12
1638,12
1639,13
1640,14
1641,11
1643,14
1644,12
1645,12
1646,13
1647,14
1648,13
1649,12
1651,14
1652,7
1653,6
1654,13
1656,13
1657,12
1658,13
1659,14
1660,14
1661,14
1662,13
1663,14
1664,13
1666,14
1667,12
1668,12
1670,14
1671,12
1673,12
1675,4
1677,13
1678,12
1679,14
1680,3
1681,7
1683,14
1684,10
1685,13
1686,12
1687,14
1689,9
1691,13
1692,7
1693,14
1694,13
1696,12
1697,9
1698,14
1700,14
1702,3
1703,10
1704,12
1705,12
1707,10
1710,12
1712,13
1713,13
1715,12
1717,12
1718,11
1720,12
1721,12
1723,7
1724,14
1725,11
1728,11
1730,14
1732,12
1734,8
1737,11
1738,13
1739,12
1740,13
1742,12
1743,14
1744,8
1745,14
1746,14
1747,12
1748,12
1749,13
1750,12
1754,11
1755,13
1756,7
1757,12
1758,7
1760,7
1761,14
1764,11
1765,12
1766,10
1767,5
1768,13
1770,12
1772,7
1774,12
1775,13
1776,9
1777,5
1778,12
1780,12
1781,10
1782,12
1783,14
1785,13
1786,12
1787,13
1788,10
1789,11
1790,6
1791,7
1792,4
1793,12
1794,12
1795,14
1796,14
1797,11
1798,14
1799,14
1802,7
1803,13
1804,12
1805,13
1806,12
1807,14
1808,14
1809,13
1811,11
1812,6
1815,7
1816,14
1817,13
1821,12
1822,5
1823,12
1824,10
1825,13
1826,14
1828,2
1829,14
1831,12
1832,11
1833,14
1835,14
1836,13
1838,5
1840,12
1841,13
1842,13
1843,12
1844,8
1845,14
1846,6
1847,10
1848,7
1849,14
1850,12
1851,12
1852,12
1853,3
1855,5
1857,13
1860,12
1861,14
1862,14
1863,10
1864,9
1865,12
1866,13
1867,14
1868,13
1869,11
1871,12
1872,10
1873,13
1874,7
1875,13
1876,7
1878,14
1880,13
1881,14
1882,12
1883,14
1884,11
1885,14
1886,8
1887,14
1888,14
1889,14
1890,11
1891,13
1894,12
1896,14
1897,13
1898,14
1899,12
1900,14
1901,7
1902,14
1903,6
1905,12
1906,14
1908,12
1909,13
1910,14
1911,8
1912,12
1913,14
1914,14
1915,14
1918,14
1919,13
1921,7
1922,13
1923,13
1924,14
1925,13
1927,12
1928,12
1929,12
1930,11
1931,14
1934,14
1935,14
1936,14
1938,13
1939,5
1940,13
1941,13
1942,12
1946,14
1947,12
1948,12
1950,13
1951,7
1953,13
1955,12
1958,14
1960,14
1963,9
1965,14
1966,14
1968,13
1969,12
1970,12
1971,13
1973,14
1974,14
1976,13
1978,13
1979,9
1980,13
1981,14
1982,11
1983,9
1984,12
1985,5
1987,12
1988,5
1991,13
1993,14
1994,11
1995,14
1996,12
1997,12
1998,12
1999,8
2001,7
2002,11
2003,14
2004,14
2005,13
2007,14
2009,12
2010,10
2012,13
2013,11
2015,11
2017,13
2018,10
2019,14
2021,11
2022,14
2023,7
2024,13
2025,10
2026,12
2027,11
2028,13
2030,10
2031,8
2032,12
2033,14
2034,13
2035,14
2037,12
2038,13
2039,13
2041,13
2042,5
2043,14
2044,12
2045,13
2048,14
2049,13
2050,14
2051,14
2053,11
2054,13
2057,14
2059,6
2060,11
2061,14
2062,7
2063,14
2065,14
2067,13
2069,13
2071,12
2072,14
2073,13
2076,13
2078,7
2079,13
2080,14
2081,13
2083,13
2085,14
2086,12
2089,7
2090,10
2091,14
2092,12
2094,10
2095,12
2096,12
2099,13
2100,14
2101,13
2102,12
2103,11
2104,14
2105,14
2106,12
2107,13
2108,13
2110,14
2111,13
2112,14
2113,13
2114,13
2117,13
2118,12
2119,5
2120,11
2121,12
2122,11
2123,14
2124,12
2125,10
2126,13
2127,13
2128,14
2129,13
2130,12
2131,14
2132,14
2133,12
2134,12
2135,6
2136,13
2137,13
2138,14
2139,12
2140,12
2142,9
2144,13
2146,12
2148,14
2150,13
2152,13
2153,12
2154,14
2155,14
2156,14
2157,13
2158,14
2159,14
2160,10
2161,10
2164,14
2166,14
2167,13
2168,12
2169,12
2170,7
2171,14
2172,13
2175,11
2176,14
2177,14
2178,7
2179,12
2180,10
2182,4
2183,11
2185,14
2187,7
2189,12
2190,12
2191,10
2192,13
2193,14
2195,3
2196,12
2197,12
2198,5
2199,14
2200,12
2201,14
2202,11
2204,13
2206,13
2208,12
2209,13
2210,10
2211,12
2213,14
2214,12
2215,11
2217,13
2219,14
2220,5
2221,14
2222,12
2223,12
2226,7
2227,13
2229,12
2230,12
2231,6
2232,13
2233,13
2234,12
2235,12
2237,14
2238,7
2239,13
2241,14
2242,14
2243,14
2244,12
2245,8
2246,7
2247,9
2248,14
2249,12
2251,5
2252,11
2253,11
2255,13
2257,9
2258,5
2259,12
2261,14
2263,11
2264,14
2265,5
2267,13
2270,12
2272,14
2273,14
2274,12
2275,12
2277,14
2278,11
2279,12
2280,14
2281,14
2282,11
2284,6
2287,8
2288,13
2289,6
2290,7
2293,14
2294,12
2295,13
2296,12
2297,12
2298,14
2299,13
2300,13
2301,7
2302,4
2303,6
2304,12
2305,14
2306,12
2307,4
2308,14
2309,12
2310,7
2311,12
2312,14
2313,12
2314,10
2315,13
2316,13
2317,10
2319,13
2320,14
2322,14
2323,9
2324,13
2325,12
2326,12
2327,11
2328,12
2331,13
2332,14
2333,9
2335,13
2336,14
2337,12
2338,4
2339,7
2341,12
2342,14
2344,7
2346,7
2348,14
2349,8
2350,12
2351,12
2353,13
2354,12
2355,14
2356,11
2357,12
2358,14
2359,14
2361,14
2362,12
2363,14
2365,14
2366,13
2367,14
2369,12
2370,14
2371,13
2372,12
2373,12
2374,11
2377,12
2378,4
2379,12
2380,13
2381,14
2382,14
2384,14
2385,12
2386,14
2388,7
2389,5
2390,14
2392,12
2393,12
2395,14
2398,14
2400,14
2401,14
2402,14
2403,14
2406,12
2408,7
2409,12
2410,12
2411,12
2412,14
2413,12
2414,5
2415,14
2417,14
2419,9
2420,14
2421,6
2422,13
2423,14
2425,12
2426,12
2428,12
2430,14
2431,12
2432,13
2433,13
2435,14
2436,14
2437,11
2438,12
2439,13
2440,14
2441,10
2442,10
2444,14
2445,14
2447,10
2448,13
2449,14
2450,5
2451,4
2453,13
2454,14
2455,14
2456,11
2457,7
2458,10
2460,7
2462,12
2463,14
2464,12
2465,12
2467,12
2468,5
2469,13
2470,13
2471,9
2472,13
2473,13
2474,12
2475,10
2477,14
2478,14
2479,13
2480,13
2481,14
2482,11
2483,14
2484,13
2485,13
2486,12
2487,13
2490,13
2491,14
2492,14
2494,14
2495,13
2496,3
2497,12
2498,12
2499,10
2500,11
2501,14
2502,14
2503,7
2504,13
2505,7
2507,14
2508,13
2509,14
2511,14
2512,13
2513,14
2514,4
2515,13
2517,13
2518,13
2520,13
2521,14
2524,13
2525,13
2526,7
2527,13
2529,6
2530,14
2532,7
2533,13
2535,12
2537,13
2541,8
2543,13
2544,6
2546,13
2549,14
2550,12
2551,12
2552,12
2553,12
2554,14
2555,7
2556,2
2557,12
2558,12
2560,7
2561,14
2562,14
2564,12
2565,12
2566,9
2567,11
2568,9
2570,5
2572,13
2574,7
2575,12
2579,7
2580,10
2581,14
2582,6
2583,5
2584,7
2586,13
2587,7
2588,12
2589,13
2590,13
2591,14
2592,14
2593,12
2594,13
2596,12
2597,12
2598,12
2599,13
2601,13
2602,13
2603,13
2604,9
2605,8
2607,14
2608,12
2609,11
2611,14
2612,14
2613,11
2614,12
2616,13
2617,13
2618,12
2619,12
2620,12
2621,12
2623,13
2625,9
2626,13
2627,14
2628,14
2631,14
2633,4
2635,13
2637,13
2638,7
2639,14
2640,7
2641,11
2642,12
2644,14
2645,8
2646,14
2647,13
2648,14
2649,2
2650,14
2651,6
2652,13
2654,13
2655,11
2656,13
2657,13
2658,7
2659,11
2660,12
2661,12
2662,11
2664,12
2665,13
2666,13
2667,14
2668,11
2669,4
2670,13
2671,14
2672,14
2673,12
2674,13
2675,14
2676,14
2677,5
2678,7
2679,12
2680,12
2681,13
2682,14
2684,13
2685,5
2686,13
2687,7
2688,14
2689,12
2691,12
2693,14
2694,14
2695,5
2696,7
2697,12
2698,13
2700,12
2701,14
2702,14
2704,14
2705,14
2706,14
2707,7
2708,6
2709,5
2710,13
2711,13
2712,14
2713,12
2716,7
2717,12
2718,13
2719,5
2720,14
2721,13
2722,12
2723,14
2724,14
2725,11
2726,13
2727,10
2728,13
2729,14
2730,10
2733,12
2734,10
2735,12
2738,14
2739,12
2740,14
2741,7
2743,11
2744,13
2745,14
2746,7
2749,13
2750,6
2753,5
2756,14
2760,12
2762,13
2763,7
2764,14
2765,12
2766,14
2767,13
2768,14
2769,12
2771,13
2772,14
2773,14
2775,14
2776,13
2777,10
2778,10
2779,13
2780,11
2782,7
2783,13
2785,12
2787,6
2788,13
2789,12
2790,14
2791,9
2792,12
2794,14
2795,13
2796,5
2798,13
2799,14
2800,12
2801,11
2802,12
2803,14
2804,6
2805,14
2806,14
2809,13
2811,12
2813,11
2814,13
2815,11
2816,12
2817,13
2818,12
2819,14
2821,11
2822,7
2824,13
2825,7
2826,11
2827,13
2828,13
2830,12
2831,13
2832,12
2833,8
2835,13
2836,14
2838,14
2840,11
2841,14
2842,11
2844,14
2845,12
2846,9
2848,12
2849,13
2850,11
2851,14
2852,14
2853,14
2854,13
2855,6
2858,14
2859,12
2860,14
2861,11
2862,14
2863,4
2864,14
2867,14
2868,12
2869,14
2870,12
2871,12
2872,7
2873,14
2874,12
2875,13
2876,12
2877,13
2880,13
2881,12
2882,14
2883,12
2884,10
2885,13
2887,14
2888,13
2889,13
2890,14
2891,14
2892,7
2894,13
2895,13
2896,14
2898,14
2899,12
2900,13
2901,13
2902,14
2903,7
2904,14
2906,12
2907,14
2908,13
2909,13
2910,14
2912,12
2913,11
2914,14
2915,11
2916,12
2917,14
2918,3
2920,14
2921,13
2923,7
2924,8
2926,12
2927,14
2928,9
2929,12
2930,13
2932,12
2933,12
2934,7
2935,13
2936,14
2937,11
2938,14
2941,7
2944,11
2945,13
2946,5
2947,13
2948,13
2949,10
2951,11
2955,13
2956,11
2957,12
2958,14
2959,13
2960,14
2961,11
2962,12
2965,12
2967,12
2968,12
2969,14
2971,14
2975,10
2976,13
2977,11
2978,13
2979,14
2980,14
2981,13
2982,14
2983,10
2984,6
2985,13
2986,14
2987,12
2988,14
2989,13
2990,14
2992,14
2993,12
2994,12
2995,14
2997,11
2998,12
2999,12
3000,12
3001,7
3002,13
3003,14
3004,5
3005,13
3007,12
3008,13
3010,13
3011,13
3012,14
3013,10
3015,14
3016,13
3017,13
3018,7
3019,12
3020,13
3021,10
3022,13
3023,14
3024,12
3026,8
3028,13
3029,4
3030,12
3031,13
3032,14
3034,3
3035,5
3036,12
3037,13
3038,14
3039,14
3040,14
3041,12
3046,7
3047,14
3048,13
3049,8
3050,13
3051,13
3052,10
3053,14
3055,13
3056,11
3057,9
3058,14
3059,13
3060,14
3061,13
3062,14
3063,12
3065,13
3067,14
3069,14
3070,11
3071,11
3072,13
3073,14
3074,7
3076,13
3077,13
3078,13
3079,12
3080,14
3081,5
3083,14
3084,13
3085,13
3086,12
3087,13
3088,14
3092,12
3093,14
3095,7
3097,13
3098,12
3099,14
3100,13
3102,14
3103,14
3104,6
3105,13
3106,13
3108,13
3109,14
3110,10
3111,12
3113,12
3114,12
3115,12
3116,14
3117,5
3118,13
3119,12
3120,11
3122,11
3124,7
3125,14
3126,14
3127,12
3128,13
3129,12
3132,12
3133,11
3134,11
3137,14
3138,12
3139,7
3140,13
3142,12
3145,12
3146,14
3147,13
3148,14
3150,14
3151,7
3152,13
3153,13
3154,12
3155,14
3156,7
3157,10
3159,14
3160,12
3161,14
3162,6
3163,12
3166,13
3167,14
3168,14
3169,2
3170,11
3171,7
3172,7
3173,5
3174,14
3175,14
3176,11
3177,12
3178,10
3179,12
3181,2
3182,12
3183,12
3184,12
3185,14
3188,14
3189,14
3190,7
3191,4
3192,14
3193,7
3194,10
3195,14
3196,14
3197,12
3198,12
3200,12
3201,10
3202,12
3203,14
3204,12
3205,14
3206,13
3207,12
3209,12
3210,13
3211,14
3212,13
3213,14
3214,14
3215,10
3216,11
3217,12
3219,8
3220,14
3221,13
3222,7
3223,14
3224,12
3225,4
3226,14
3228,14
3229,10
3230,12
3233,14
3234,12
3235,12
3236,11
3237,11
3238,5
3239,11
3240,10
3242,7
3243,14
3244,12
3245,14
3246,14
3247,12
3248,13
3249,14
3250,7
3251,9
3252,12
3253,12
3254,14
3256,11
3257,14
3259,12
3261,2
3263,13
3264,6
3265,14
3266,9
3267,13
3268,13
3270,14
3271,13
3273,13
3274,13
3275,13
3276,12
3277,14
3278,5
3279,14
3280,12
3281,5
3282,9
3283,12
3284,13
3285,14
3286,14
3288,13
3289,14
3291,14
3292,12
3295,13
3296,14
3297,9
3298,12
3300,12
3301,12
3303,13
3305,13
3307,12
3308,13
3309,13
3310,14
3311,13
3312,14
3313,14
3314,12
3315,14
3316,12
3320,13
3321,12
3322,12
3323,12
3325,10
3326,14
3327,12
3329,14
3330,13
3333,14
3334,13
3336,13
3338,14
3339,14
3340,13
3341,13
3343,14
3344,9
3345,7
3346,12
3348,14
3349,12
3350,14
3351,13
3352,13
3353,13
3355,13
3356,13
3357,12
3358,13
3359,10
3361,13
3364,14
3365,12
3366,12
3367,14
3368,14
3371,13
3373,7
3374,7
3375,14
3376,12
3377,12
3378,13
3379,12
3380,13
3381,14
3382,14
3385,13
3386,11
3387,7
3388,13
3389,12
3393,13
3395,12
3396,14
3397,12
3398,14
3399,10
3400,13
3401,12
3403,13
3404,12
3407,7
3408,12
3410,12
3411,13
3412,8
3413,11
3414,12
3415,6
3418,13
3419,7
3420,14
3422,12
3423,9
3424,14
3425,7
3426,14
3427,14
3429,14
3430,13
3431,14
3432,14
3435,7
3436,12
3438,14
3440,13
3441,14
3442,13
3444,12
3446,13
3447,14
3448,13
3449,12
3450,14
3451,12
3453,10
3454,3
3455,10
3456,13
3457,13
3458,14
3460,14
3464,12
3465,12
3466,14
3467,13
3468,13
3469,12
3470,13
3472,14
3475,12
3476,14
3478,7
3479,13
3480,14
3482,11
3484,13
3487,14
3489,13
3490,12
3491,13
3492,13
3493,14
3494,11
3495,7
3496,14
3497,13
3498,12
3500,14
3501,13
3504,12
3506,9
3507,14
3508,13
3509,14
3510,13
3511,14
3512,14
3513,14
3514,11
3515,14
3516,13
3518,14
3520,13
3521,13
3522,13
3523,5
3524,7
3525,11
3527,2
3528,6
3529,11
3530,12
3531,7
3532,14
3533,13
3535,13
3536,12
3537,13
3538,14
3539,14
3540,13
3541,11
3542,14
3543,12
3545,13
3549,13
3550,12
3552,14
3553,7
3554,13
3555,14
3557,12
3558,12
3559,12
3560,12
3561,10
3562,13
3563,14
3564,7
3565,11
3566,12
3567,14
3569,11
3572,14
3574,12
3576,12
3578,10
3579,14
3580,7
3581,11
3582,13
3584,14
3585,14
3586,14
3588,14
3589,5
3590,12
3591,8
3595,14
3596,11
3597,14
3598,12
3601,6
3604,14
3605,5
3608,6
3609,14
3610,13
3611,14
3612,14
3613,11
3615,14
3616,14
3617,13
3619,10
3620,13
3621,12
3622,12
3624,12
3625,13
3626,14
3628,12
3629,14
3630,14
3631,14
3632,7
3634,13
3635,13
3638,5
3640,12
3641,12
3642,12
3643,12
3644,14
3645,14
3647,12
3649,13
3650,13
3651,13
3652,11
3654,14
3655,14
3657,13
3658,14
3659,14
3660,12
3662,13
3663,14
3664,13
3665,7
3666,12
3668,12
3669,12
3670,13
3671,10
3672,14
3674,14
3675,12
3677,12
3679,14
3681,12
3682,7
3683,13
3686,12
3687,13
3688,12
3689,14
3690,12
3691,10
3692,14
3693,13
3695,10
3696,7
3697,12
3699,12
3700,13
3702,13
3703,14
3704,12
3705,13
3706,13
3707,12
3709,7
3710,13
3711,11
3712,12
3713,12
3714,14
3715,12
3716,11
3717,11
3718,7
3721,5
3722,14
3723,7
3724,14
3725,12
3726,14
3728,12
3730,14
3731,13
3732,13
3733,14
3735,12
3736,13
3737,14
3738,12
3739,14
3740,7
3741,13
3743,13
3745,14
3746,14
3747,12
3749,12
3750,14
3751,13
3752,7
3754,14
3755,12
3756,11
3758,12
3759,13
3762,11
3764,14
3766,13
3767,14
3768,12
3769,6
3770,13
3772,12
3773,14
3774,7
3775,14
3776,12
3777,14
3778,13
3780,11
3782,11
3783,11
3784,13
3785,12
3786,12
3788,14
3789,6
3790,12
3791,12
3792,13
3793,13
3794,13
3795,14
3796,11
3797,5
3798,12
3799,14
3800,6
3801,5
3803,14
3805,14
3806,13
3807,14
3808,12
3809,13
3810,14
3812,14
3813,12
3814,13
3815,12
3818,13
3819,12
3820,12
3821,10
3822,8
3823,13
3824,12
3826,14
3827,13
3828,14
3829,5
3830,12
3832,13
3833,12
3834,12
3835,13
3836,12
3837,13
3838,12
3839,13
3840,12
3841,12
3842,12
3843,12
3844,12
3845,13
3846,14
3848,13
3849,13
3850,13
3851,7
3852,12
3854,14
3856,11
3857,10
3859,14
3860,14
3862,5
3864,11
3865,14
3866,12
3867,12
3868,7
3869,12
3870,14
3872,14
3873,13
3874,13
3875,7
3877,12
3878,14
3879,14
3880,14
3882,14
3884,12
3886,14
3887,14
3888,12
3891,13
3892,11
3893,12
3894,8
3895,12
3896,14
3897,14
3900,7
3901,13
3903,10
3905,13
3906,13
3907,12
3908,14
3909,12
3910,12
3912,13
3913,13
3914,12
3916,12
3919,12
3920,13
3921,13
3922,12
3923,14
3924,3
3927,13
3928,14
3929,12
3930,12
3932,12
3934,14
3935,14
3936,14
3937,12
3938,14
3939,14
3940,5
3941,7
3942,14
3943,13
3944,10
3945,14
3946,12
3947,14
3948,14
3950,4
3951,9
3952,12
3953,9
3954,13
3955,13
3956,13
3957,10
3958,14
3959,9
3960,13
3961,7
3962,7
3964,14
3965,13
3968,13
3969,13
3970,11
3971,12
3972,12
3973,6
3974,11
3975,5
3976,12
3977,14
3978,14
3980,12
3981,14
3982,12
3983,13
3984,12
3985,14
3986,7
3987,11
3988,9
3989,13
3990,12
3991,14
3992,14
3995,10
3997,12
3998,12
3999,12
4000,11
4002,4
4004,7
4005,14
4006,13
4007,10
4008,12
4009,13
4012,13
4013,14
4014,9
4016,14
4017,12
4019,12
4020,12
4021,13
4022,12
4023,13
4024,14
4025,14
4026,14
4027,12
4028,12
4029,7
4030,14
4032,6
4034,13
4035,14
4036,12
4037,7
4038,6
4040,13
4041,12
4042,13
4043,13
4044,12
4045,7
4046,12
4048,14
4049,12
4051,12
4052,14
4053,13
4054,9
4055,13
4056,12
4057,5
4058,12
4059,13
4060,13
4061,14
4062,2
4063,13
4064,12
4065,10
4066,13
4067,14
4068,12
4069,13
4070,13
4071,13
4073,13
4074,13
4075,12
4076,12
4077,14
4079,7
4080,12
4081,14
4082,14
4083,13
4084,13
4085,13
4086,5
4087,9
4088,7
4090,14
4091,14
4092,13
4093,10
4094,10
4095,13
4096,12
4097,13
4098,11
4099,13
4100,12
4101,11
4103,13
4104,13
4106,13
4108,7
4110,8
4112,14
4115,13
4116,13
4117,12
4118,14
4119,13
4123,14
4125,10
4126,3
4127,12
4130,12
4131,13
4132,13
4133,13
4134,10
4135,13
4136,12
4137,12
4138,13
4139,13
4140,12
4141,13
4142,13
4144,11
4145,13
4146,11
4148,14
4149,12
4150,13
4152,13
4153,14
4155,14
4156,12
4157,14
4158,12
4160,14
4161,12
4162,14
4164,14
4165,7
4166,12
4167,7
4169,14
4170,5
4171,11
4172,7
4173,7
4174,13
4175,12
4176,5
4178,14
4181,12
4182,14
4183,13
4184,14
4185,12
4187,12
4188,12
4189,7
4191,12
4192,13
4194,13
4195,14
4196,13
4198,13
4200,13
4201,12
4203,12
4205,14
4206,13
4207,12
4208,6
4209,11
4210,14
4211,10
4212,13
4214,12
4215,14
4216,13
4217,7
4218,14
4219,13
4220,12
4221,7
4222,13
4223,11
4224,14
4225,7
4226,12
4227,13
4228,12
4229,12
4230,13
4231,12
4233,9
4235,11
4236,13
4237,12
4239,12
4241,13
4242,14
4243,14
4244,12
4245,14
4247,13
4249,12
4250,14
4251,12
4252,14
4253,12
4254,13
4256,6
4257,12
4258,14
4259,9
4260,13
4262,12
4264,13
4265,2
4267,13
4268,13
4269,12
4270,7
4271,12
4272,12
4273,10
4274,13
4275,14
4276,4
4277,13
4279,13
4280,13
4281,7
4282,14
4283,7
4284,12
4286,12
4287,14
4288,12
4290,4
4292,13
4293,12
4294,12
4295,13
4296,14
4298,7
4299,14
4300,12
4301,12
4302,12
4303,12
4304,13
4305,14
4306,12
4308,13
4309,14
4310,14
4311,7
4312,9
4314,14
4315,9
4316,12
4317,13
4318,12
4319,14
4320,13
4321,13
4322,7
4323,13
4324,14
4326,12
4327,13
4329,13
4331,12
4334,11
4335,14
4337,12
4338,14
4339,14
4340,12
4342,11
4343,13
4344,11
4345,14
4346,14
4347,12
4349,13
4350,14
4351,10
4352,14
4353,14
4355,13
4356,11
4358,5
4359,12
4360,10
4361,12
4362,13
4363,13
4364,13
4366,7
4367,13
4368,13
4369,14
4371,12
4373,4
4376,14
4377,7
4378,12
4379,5
4381,12
4382,13
4383,12
4384,7
4385,12
4387,13
4388,14
4390,12
4391,14
4392,13
4393,7
4394,13
4395,7
4396,13
4397,14
4398,12
4400,13
4401,14
4402,11
4403,14
4406,10
4407,13
4408,12
4409,12
4410,12
4411,9
4412,12
4413,14
4414,13
4415,5
4416,13
4417,12
4418,13
4419,14
4420,13
4421,14
4422,14
4423,13
4424,12
4428,14
4429,12
4430,5
4431,12
4432,10
4433,10
4434,14
4435,10
4436,12
4439,12
4440,7
4441,14
4442,11
4443,4
4444,14
4446,11
4448,14
4449,14
4450,13
4451,12
4452,12
4453,12
4454,13
4456,14
4457,9
4458,12
4459,13
4460,12
4461,11
4462,13
4466,13
4467,13
4469,13
4471,13
4472,7
4473,14
4474,12
4475,14
4478,5
4479,12
4480,13
4481,14
4483,12
4484,11
4485,14
4486,10
4487,12
4488,11
4489,13
4490,12
4492,12
4493,11
4494,7
4495,13
4496,9
4497,13
4499,12
4500,7
4501,5
4502,6
4503,7
4504,12
4505,13
4506,14
4507,12
4508,14
4509,12
4510,13
4513,14
4514,14
4515,11
4517,13
4518,12
4519,14
4520,14
4521,13
4522,7
4523,12
4524,12
4525,14
4526,12
4527,11
4528,11
4529,11
4530,12
4532,14
4533,12
4534,12
4536,12
4537,13
4538,5
4539,14
4540,10
4541,12
4543,13
4544,9
4545,13
4546,14
4547,13
4548,7
4549,14
4550,14
4551,14
4552,12
4553,13
4554,14
4555,12
4556,11
4557,11
4558,13
4559,14
4560,13
4561,10
4562,13
4563,12
4564,12
4565,7
4566,14
4567,14
4568,13
4569,10
4570,13
4571,13
4572,14
4573,12
4575,13
4576,5
4577,11
4579,13
4580,14
4581,14
4582,13
4583,12
4584,12
4585,12
4586,13
4587,11
4588,14
4589,13
4590,13
4591,10
4593,9
4594,13
4595,2
4597,7
4598,13
4600,11
4601,7
4602,11
4603,5
4604,14
4605,7
4607,14
4608,12
4612,14
4614,6
4615,6
4617,7
4618,14
4619,13
4620,13
4621,12
4622,5
4623,14
4624,12
4627,13
4628,4
4629,12
4633,12
4634,14
4635,13
4637,14
4638,13
4640,6
4642,13
4643,13
4645,5
4646,11
4648,13
4649,10
4650,12
4651,11
4652,14
4654,12
4655,14
4656,12
4657,14
4658,14
4659,12
4660,13
4661,12
4662,13
4665,13
4666,7
4667,13
4668,7
4669,12
4670,12
4671,12
4672,13
4673,14
4674,12
4675,14
4676,12
4677,12
4678,12
4679,13
4680,14
4681,14
4682,13
4683,14
4684,10
4685,13
4686,14
4687,13
4689,12
4690,14
4691,12
4692,9
4694,14
4695,14
4697,13
4698,14
4699,12
4701,12
4703,14
4706,12
4707,14
4708,12
4710,9
4711,12
4712,13
4713,7
4714,6
4717,12
4719,13
4720,12
4721,12
4722,12
4723,14
4724,8
4726,10
4727,13
4728,11
4729,12
4730,12
4731,12
4733,14
4734,14
4735,11
4736,13
4738,12
4739,7
4740,12
4741,13
4742,12
4743,14
4745,12
4746,13
4747,4
4748,14
4749,11
4750,12
4751,13
4752,12
4753,14
4754,13
4756,13
4757,11
4758,14
4759,11
4760,14
4761,12
4763,14
4765,14
4766,14
4767,12
4768,12
4769,13
4770,13
4774,12
4775,12
4776,12
4781,14
4782,7
4783,12
4784,12
4785,7
4786,13
4787,14
4788,12
4789,12
4792,13
4794,14
4795,14
4797,5
4798,11
4800,14
4802,14
4803,6
4804,14
4805,13
4806,13
4808,13
4809,13
4810,12
4811,12
4812,14
4813,14
4815,14
4816,7
4817,7
4818,10
4819,12
4820,13
4821,13
4823,13
4824,14
4825,14
4826,14
4827,14
4828,13
4829,7
4830,14
4831,13
4833,11
4834,7
4835,6
4836,12
4837,13
4838,12
4839,7
4840,12
4842,12
4843,13
4846,14
4847,12
4848,12
4849,13
4850,12
4851,13
4852,13
4854,14
4855,12
4856,12
4857,14
4860,9
4862,13
4863,12
4864,12
4867,4
4868,9
4869,14
4873,14
4874,7
4875,14
4876,11
4878,11
4881,14
4882,14
4883,13
4885,12
4886,10
4888,12
4891,12
4892,11
4893,12
4895,11
4896,13
4897,12
4900,7
4901,10
4903,7
4904,9
4905,14
4906,12
4908,12
4912,9
4913,12
4914,13
4918,13
4919,11
4920,14
4921,7
4922,12
4923,6
4924,12
4926,14
4928,7
4929,12
4930,11
4932,14
4933,12
4934,7
4935,12
4936,6
4937,13
4938,12
4939,14
4940,12
4941,13
4942,13
4943,14
4944,12
4945,13
4946,13
4947,12
4949,14
4952,12
4953,13
4955,14
4957,12
4958,14
4959,11
4960,10
4961,14
4963,13
4964,12
4965,13
4967,13
4968,12
4969,8
4970,12
4971,13
4972,11
4973,14
4974,12
4976,14
4977,13
4978,7
4980,12
4982,14
4986,12
4987,12
4988,11
4989,14
4990,10
4993,14
4994,13
4996,14
4998,5
4999,12
5000,14
5004,12
5005,12
5006,5
5007,7
5008,12
5009,12
5011,12
5012,14
5013,14
5014,14
5016,13
5018,12
5019,13
5020,7
5021,14
5022,13
5023,14
5025,5
5026,8
5027,12
5028,14
5029,10
5030,7
5031,13
5033,11
5035,11
5037,11
5038,14
5040,7
5041,13
5043,13
5044,13
5046,12
5047,7
5048,13
5050,13
5051,7
5052,13
5053,10
5054,13
5055,12
5058,12
5059,13
5060,14
5062,10
5063,13
5064,12
5065,13
5066,14
5068,13
5069,14
5070,7
5071,14
5072,14
5073,14
5074,12
5075,11
5076,12
5077,13
5078,10
5079,14
5080,14
5081,14
5082,14
5083,12
5084,13
5085,14
5086,14
5087,5
5088,14
5089,11
5090,12
5092,13
5093,4
5094,12
5096,13
5097,14
5099,7
5100,13
5102,12
5103,13
5104,13
5106,14
5107,12
5109,11
5111,10
5113,12
5114,14
5115,14
5118,7
5119,14
5122,12
5123,3
5125,12
5126,14
5128,6
5129,14
5130,14
5131,12
5132,13
5133,13
5134,12
5135,13
5136,12
5138,11
5139,12
5140,14
5141,9
5142,14
5143,7
5145,14
5147,14
5148,13
5149,7
5150,7
5151,14
5153,14
5154,12
5156,13
5157,14
5158,5
5159,14
5160,14
5162,12
5163,14
5164,12
5168,11
5169,8
5170,7
5171,14
5174,10
5175,14
5176,12
5177,11
5178,13
5180,12
5181,12
5182,14
5183,14
5184,13
5185,5
5186,13
5187,10
5189,14
5190,12
5191,5
5192,13
5193,6
5194,13
5195,14
5196,13
5199,14
5200,10
5202,12
5203,13
5204,14
5205,14
5207,14
5208,11
5209,13
5210,12
5211,14
5212,13
5213,14
5215,14
5217,14
5219,12
5220,12
5221,12
5224,13
5225,13
5226,12
5227,13
5230,14
5231,13
5232,10
5234,14
5235,14
5236,12
5237,12
5238,12
5239,13
5240,9
5241,13
5242,12
5244,12
5245,14
5246,11
5247,14
5248,12
5249,11
5250,14
5251,14
5252,7
5253,13
5255,4
5257,13
5258,12
5259,6
5260,14
5261,13
5262,12
5263,9
5265,13
5266,14
5267,12
5269,13
5271,13
5272,8
5274,11
5275,12
5276,13
5277,12
5278,13
5279,14
5280,13
5281,14
5282,9
5285,10
5286,12
5287,6
5288,14
5289,7
5290,13
5291,14
5293,13
5295,12
5296,10
5298,10
5299,14
5300,12
5301,14
5302,9
5303,12
5304,12
5306,13
5307,12
5308,12
5309,12
5311,12
5313,14
5315,13
5316,12
5318,14
5319,12
5321,13
5322,12
5323,12
5324,10
5326,9
5328,12
5329,12
5330,12
5331,14
5332,6
5333,12
5334,12
5336,10
5337,12
5339,12
5340,14
5342,14
5343,14
5344,12
5345,14
5348,14
5350,13
5352,14
5353,9
5354,12
5355,12
5356,14
5357,7
5359,14
5360,12
5363,12
5365,11
5366,14
5368,13
5369,13
5373,12
5374,7
5375,12
5376,12
5377,14
5378,13
5379,12
5381,14
5382,12
5383,14
5384,14
5385,10
5386,14
5390,12
5391,6
5392,10
5393,10
5395,12
5396,14
5397,13
5398,13
5399,12
5400,12
5402,13
5403,13
5404,7
5405,12
5408,13
5409,12
5410,12
5411,12
5413,14
5414,14
5415,13
5416,14
5417,13
5418,12
5419,12
5420,14
5421,13
5422,14
5424,8
5426,5
5428,14
5429,12
5430,12
5431,9
5432,12
5433,14
5434,12
5436,12
5437,13
5438,12
5440,14
5441,14
5442,6
5444,9
5445,14
5446,12
5449,14
5451,14
5452,14
5453,13
5454,7
5455,13
5457,7
5459,14
5460,12
5461,11
5462,12
5463,10
5464,14
5465,12
5466,12
5467,14
5468,13
5469,12
5471,13
5472,14
5473,14
5474,13
5476,10
5478,13
5479,12
5480,12
5481,13
5482,13
5485,5
5486,13
5487,12
5488,12
5489,12
5490,13
5491,13
5494,12
5495,12
5496,7
5497,12
5498,13
5499,12
5500,13
5502,12
5503,13
5504,14
5505,12
5506,12
5508,10
5509,6
5511,12
5512,5
5513,13
5515,13
5516,12
5517,13
5519,14
5521,12
5522,14
5523,11
5527,12
5529,14
5531,5
5532,13
5533,13
5534,11
5535,13
5536,14
5537,9
5539,8
5540,12
5541,12
5542,12
5544,13
5545,14
5546,14
5549,13
5550,14
5551,11
5553,13
5554,13
5555,12
5556,12
5557,13
5558,13
5559,11
5560,10
5562,13
5563,12
5564,7
5565,12
5566,12
5567,6
5568,7
5569,13
5570,14
5572,14
5573,13
5574,14
5575,12
5576,12
5577,7
5578,6
5580,12
5583,14
5584,8
5585,14
5586,12
5587,13
5588,7
5589,12
5590,10
5591,14
5593,13
5594,10
5595,14
5597,13
5598,11
5599,12
5600,12
5601,11
5602,14
5603,12
5604,5
5606,13
5607,12
5608,7
5609,14
5610,14
5611,12
5615,13
5616,12
5618,5
5619,11
5620,11
5623,14
5626,14
5628,13
5629,10
5631,13
5633,14
5634,13
5635,13
5636,12
5637,14
5638,14
5639,12
5641,14
5642,12
5646,14
5647,12
5648,14
5649,13
5650,10
5653,12
5654,12
5655,14
5657,12
5658,13
5660,13
5661,12
5662,14
5664,12
5665,12
5667,12
5668,7
5669,13
5671,13
5672,7
5673,12
5675,12
5676,13
5677,12
5679,14
5681,13
5682,13
5683,12
5684,12
5685,12
5687,11
5688,13
5690,12
5692,14
5694,13
5695,13
5696,14
5697,2
5698,7
5699,10
5700,12
5701,13
5702,14
5703,14
5704,12
5706,14
5708,14
5709,14
5710,13
5711,12
5712,10
5713,12
5714,2
5715,12
5716,12
5719,12
5720,5
5721,12
5722,9
5723,11
5726,9
5727,7
5728,13
5729,14
5730,14
5731,12
5732,14
5735,7
5736,14
5737,13
5739,11
5740,14
5741,11
5742,7
5743,12
5744,8
5745,14
5746,12
5747,14
5748,14
5749,14
5750,12
5751,7
5753,13
5754,5
5755,14
5756,13
5758,12
5759,14
5761,12
5762,12
5763,11
5764,13
5765,14
5766,14
5767,13
5768,14
5769,7
5770,13
5771,13
5772,12
5773,12
5774,14
5775,6
5776,12
5777,12
5778,12
5779,13
5780,13
5782,12
5783,13
5785,14
5790,10
5793,10
5794,10
5798,13
5800,11
5801,13
5802,14
5803,5
5804,13
5805,14
5806,12
5807,14
5809,13
5810,13
5811,14
5813,12
5814,13
5816,10
5817,13
5818,14
5819,12
5820,14
5821,14
5823,10
5824,7
5827,12
5828,13
5829,12
5830,12
5834,13
5835,7
5836,12
5838,13
5842,14
5844,13
5845,13
5846,10
5847,13
5848,12
5849,13
5852,13
5853,12
5854,5
5855,12
5857,14
5858,14
5859,12
5860,12
5861,13
5863,12
5864,14
5865,14
5867,13
5870,7
5871,12
5873,10
5874,11
5875,13
5876,12
5879,12
5880,13
5881,14
5882,12
5885,6
5886,7
5887,14
5888,14
5891,12
5894,7
5895,10
5897,14
5899,10
5900,13
5902,13
5903,7
5904,12
5905,12
5906,12
5907,6
5908,12
5909,14
5910,14
5911,12
5912,13
5913,14
5914,14
5915,13
5917,5
5919,12
5920,13
5922,12
5923,13
5924,13
5926,12
5929,13
5930,12
5933,13
5934,14
5935,13
5936,7
5937,12
5938,11
5939,12
5940,12
5941,13
5942,9
5943,13
5944,13
5946,14
5949,12
5950,12
5952,13
5953,14
5954,12
5955,12
5956,7
5957,14
5959,14
5960,13
5961,12
5963,12
5964,7
5965,10
5967,12
5968,13
5969,4
5970,13
5971,14
5972,13
5973,11
5974,11
5975,12
5976,12
5978,8
5979,12
5980,12
5981,12
5982,13
5983,12
5984,13
5985,9
5986,12
5987,12
5988,14
5989,14
5991,12
5992,13
5993,13
5994,13
5995,6
5996,13
5998,11
5999,7
6000,12
6002,13
6004,12
6005,14
6006,10
6008,13
6009,7
6010,12
6012,12
6014,14
6015,12
6016,11
6017,14
6018,12
6019,13
6020,12
6021,12
6024,5
6025,14
6026,13
6027,13
6028,13
6029,12
6030,13
6031,13
6032,7
6034,13
6035,12
6036,14
6037,14
6038,12
6039,13
6041,7
6042,13
6043,14
6045,13
6046,13
6047,12
6048,12
6049,9
6051,3
6053,12
6054,12
6056,11
6058,12
6059,14
6060,10
6061,11
6062,1
6063,8
6064,9
6065,12
6066,14
6067,9
6068,7
6071,10
6072,14
6073,13
6075,13
6076,14
6077,12
6078,12
6079,12
6080,12
6081,7
6082,13
6083,6
6084,9
6086,12
6087,14
6088,14
6089,12
6090,9
6091,10
6092,12
6093,14
6094,14
6095,12
6097,14
6098,12
6099,13
6100,13
6102,7
6103,14
6104,14
6106,12
6108,9
6109,11
6110,11
6111,12
6112,10
6113,11
6114,13
6115,11
6116,11
6117,12
6118,13
6119,12
6121,13
6122,13
6123,5
6124,14
6127,12
6128,12
6129,14
6131,12
6132,7
6133,12
6134,6
6135,12
6136,7
6137,13
6139,12
6141,14
6142,14
6143,14
6144,12
6145,7
6147,13
6148,12
6149,13
6150,4
6151,12
6152,13
6153,14
6155,7
6156,5
6157,6
6159,13
6160,14
6163,12
6164,12
6166,12
6167,13
6168,13
6169,13
6170,12
6172,2
6173,12
6174,14
6175,12
6176,14
6177,14
6179,13
6180,11
6181,13
6183,12
6186,13
6187,7
6188,13
6189,14
6190,4
6191,10
6192,13
6193,13
6194,12
6195,9
6196,7
6198,12
6199,5
6202,10
6203,12
6204,11
6205,12
6206,13
6209,7
6210,10
6211,12
6212,14
6213,14
6215,12
6216,13
6219,14
6221,7
6222,12
6223,14
6225,4
6226,10
6229,14
6230,14
6231,13
6233,14
6234,13
6235,12
6237,13
6241,7
6242,13
6243,7
6244,13
6245,13
6246,12
6248,12
6250,11
6251,14
6252,14
6254,13
6255,13
6256,14
6257,12
6258,13
6260,7
6261,14
6264,14
6266,14
6267,13
6268,14
6269,12
6270,12
6271,13
6273,13
6277,7
6278,14
6279,13
6281,14
6282,12
6283,13
6284,13
6285,7
6287,14
6288,12
6289,11
6290,11
6292,13
6293,12
6294,13
6295,14
6296,14
6297,9
6298,13
6299,13
6300,5
6301,14
6303,7
6304,14
6306,13
6307,14
6309,7
6310,12
6311,13
6312,12
6313,11
6314,13
6315,13
6316,13
6319,5
6320,12
6321,12
6322,14
6323,13
6324,6
6325,7
6326,13
6327,12
6328,14
6329,12
6330,12
6331,14
6332,13
6333,14
6334,13
6335,11
6336,14
6339,12
6342,13
6344,14
6346,14
6347,14
6348,9
6349,5
6351,12
6352,13
6354,14
6355,13
6356,14
6357,14
6359,14
6361,12
6362,12
6364,14
6365,12
6366,10
6367,12
6369,12
6370,14
6372,7
6373,7
6374,14
6375,14
6379,11
6380,13
6381,11
6385,12
6386,13
6387,12
6389,7
6390,12
6392,12
6393,12
6395,13
6396,13
6397,9
6398,14
6399,14
6400,13
6402,12
6403,13
6404,12
6405,12
6406,14
6407,14
6408,14
6409,12
6410,7
6411,12
6413,10
6414,14
6416,10
6417,14
6418,13
6420,13
6421,14
6423,14
6424,12
6425,2
6426,14
6427,14
6428,14
6429,11
6430,12
6431,5
6432,14
6434,13
6435,5
6437,12
6438,14
6439,12
6440,14
6441,12
6442,6
6443,12
6444,12
6445,14
6446,12
6447,14
6448,14
6449,12
6450,14
6451,7
6452,14
6454,11
6455,13
6456,13
6457,9
6458,13
6459,14
6460,14
6461,13
6462,13
6463,14
6464,9
6465,13
6467,13
6470,13
6471,14
6472,12
6473,13
6474,13
6476,12
6477,12
6478,12
6479,14
6480,12
6482,13
6483,14
6485,14
6486,12
6488,12
6489,12
6490,12
6491,11
6492,13
6494,12
6495,9
6496,14
6497,14
6498,12
6499,8
6500,12
6501,10
6502,10
6503,7
6505,12
6506,13
6507,13
6508,12
6510,14
6511,13
6512,6
6513,7
6514,14
6515,9
6517,12
6518,12
6519,12
6520,5
6521,12
6522,13
6523,12
6524,13
6528,12
6529,13
6530,13
6535,13
6537,13
6538,12
6539,12
6540,12
6541,14
6542,14
6543,13
6544,13
6545,7
6546,14
6547,14
6548,2
6549,12
6550,12
6551,14
6552,10
6553,14
6554,7
6556,9
6557,13
6558,6
6559,6
6560,14
6563,12
6564,14
6565,14
6568,12
6569,12
6570,12
6571,14
6572,13
6574,5
6575,5
6576,12
6577,14
6578,10
6579,13
6581,14
6582,6
6585,11
6588,6
6590,11
6591,8
6592,14
6593,13
6594,14
6595,12
6596,11
6597,11
6598,13
6599,13
6601,13
6602,12
6603,14
6604,14
6605,14
6607,13
6608,6
6610,11
6611,13
6613,14
6614,12
6615,13
6616,12
6617,14
6619,14
6620,13
6621,6
6622,12
6623,12
6624,11
6625,13
6626,14
6627,12
6628,14
6630,14
6631,12
6632,11
6633,14
6635,12
6637,14
6640,12
6641,12
6642,14
6643,13
6644,11
6645,12
6646,12
6647,14
6648,12
6649,12
6651,13
6654,7
6655,10
6657,14
6658,12
6659,12
6660,7
6662,14
6663,7
6664,13
6665,10
6666,14
6667,7
6668,7
6669,10
6671,14
6672,12
6673,7
6674,12
6675,7
6676,12
6677,11
6678,13
6680,7
6681,13
6682,13
6683,13
6684,12
6686,11
6688,13
6689,13
6690,7
6691,12
6692,10
6694,13
6695,14
6696,12
6697,13
6698,14
6700,7
6702,14
6703,7
6704,12
6705,11
6706,13
6707,13
6708,12
6710,13
6711,14
6712,14
6713,5
6715,12
6716,14
6718,7
6719,13
6720,14
6721,9
6722,14
6723,13
6725,13
6726,12
6727,12
6728,13
6729,6
6730,12
6731,14
6734,13
6735,14
6738,13
6739,14
6740,11
6741,9
6743,14
6744,7
6745,7
6746,13
6747,8
6748,5
6749,13
6750,12
6752,14
6753,12
6754,14
6757,14
6758,13
6760,12
6761,12
6762,7
6763,10
6764,13
6765,14
6766,11
6767,13
6768,2
6770,14
6771,11
6772,12
6773,12
6774,10
6775,12
6776,5
6777,11
6778,12
6779,14
6780,12
6781,12
6782,14
6783,13
6784,14
6786,12
6791,5
6792,14
6794,10
6795,14
6797,12
6798,13
6799,13
6800,13
6801,14
6802,2
6803,13
6805,13
6806,12
6808,5
6809,13
6810,10
6811,7
6812,14
6814,13
6815,14
6816,14
6817,5
6818,11
6819,12
6821,12
6823,7
6826,12
6827,12
6828,10
6829,5
6830,5
6831,7
6832,10
6833,13
6835,12
6836,5
6838,12
6839,13
6840,13
6841,12
6842,8
6843,14
6844,13
6845,11
6846,13
6847,12
6848,12
6849,14
6850,6
6852,13
6853,13
6854,10
6855,14
6859,12
6860,12
6861,14
6863,10
6865,13
6866,11
6867,10
6868,12
6869,13
6870,12
6871,14
6873,10
6874,7
6876,14
6877,13
6878,13
6880,12
6881,14
6882,13
6883,13
6884,13
6886,12
6888,11
6889,13
6890,14
6891,14
6892,14
6893,14
6894,13
6895,14
6896,12
6897,13
6898,9
6899,14
6903,6
6904,14
6905,6
6907,7
6908,7
6909,14
6910,7
6911,14
6913,5
6914,12
6915,5
6916,12
6918,13
6919,7
6921,4
6923,12
6924,14
6926,12
6927,14
6928,12
6929,12
6930,12
6931,11
6933,14
6934,12
6935,13
6936,13
6937,12
6938,10
6940,11
6941,10
6942,6
6943,14
6945,9
6946,13
6947,7
6948,14
6949,3
6950,14
6951,14
6952,12
6953,12
6954,13
6955,12
6956,14
6958,12
6959,14
6960,12
6962,6
6963,10
6967,14
6968,13
6969,14
6970,13
6971,9
6972,14
6974,14
6975,12
6976,7
6977,13
6978,13
6979,12
6981,12
6983,14
6984,13
6985,12
6986,10
6990,10
6991,14
6993,5
6994,12
6995,12
6996,7
6997,14
6998,13
6999,12
7000,14
7001,14
7002,12
7003,14
7004,12
7005,12
7006,12
7007,13
7008,12
7009,14
7014,9
7018,13
7020,12
7021,14
7023,6
7024,10
7025,11
7026,12
7030,14
7031,13
7032,12
7033,12
7034,12
7035,12
7036,12
7038,7
7039,13
7040,11
7043,12
7044,13
7045,14
7046,14
7047,7
7048,7
7050,13
7051,11
7053,12
7055,12
7056,14
7057,12
7058,14
7059,13
7060,14
7061,12
7062,14
7064,12
7066,8
7068,12
7069,14
7070,13
7071,12
7072,12
7073,12
7075,13
7077,14
7078,12
7079,14
7080,7
7081,6
7082,14
7083,14
7084,14
7086,13
7087,13
7088,7
7089,6
7090,14
7091,12
7092,13
7095,2
7097,7
7098,8
7099,13
7100,14
7101,12
7102,13
7103,14
7105,12
7106,8
7108,7
7109,14
7110,14
7111,6
7112,12
7113,10
7114,12
7115,7
7116,11
7117,5
7118,13
7119,11
7120,9
7121,12
7122,14
7123,13
7124,12
7125,12
7126,13
7127,14
7128,13
7129,9
7130,5
7133,13
7134,13
7135,13
7136,11
7138,12
7141,14
7142,7
7143,11
7144,12
7145,14
7146,12
7147,13
7148,13
7149,12
7150,14
7151,13
7152,7
7153,12
7154,13
7155,14
7156,14
7158,14
7159,12
7160,7
7161,11
7164,13
7166,7
7167,12
7168,12
7169,13
7171,13
7172,13
7173,11
7174,14
7175,7
7178,10
7179,13
7181,12
7182,6
7185,12
7187,10
7188,9
7189,12
7190,6
7194,12
7196,12
7197,13
7198,12
7199,12
7200,9
7201,5
7202,5
7203,12
7205,10
7206,14
7207,12
7208,10
7210,13
7211,12
7212,13
7213,11
7214,11
7215,13
7216,12
7218,9
7219,13
7220,11
7221,14
7222,9
7223,14
7224,12
7225,13
7226,11
7227,13
7228,14
7229,14
7230,13
7231,13
7232,14
7233,12
7234,10
7235,13
7236,12
7237,14
7239,7
7241,7
7242,9
7243,7
7244,11
7248,12
7249,14
7250,14
7251,12
7252,14
7253,9
7256,5
7257,12
7258,14
7259,14
7260,13
7262,13
7263,13
7264,7
7265,7
7266,14
7269,14
7270,14
7271,13
7272,14
7273,7
7274,12
7275,12
7276,10
7277,14
7278,13
7281,14
7282,12
7283,13
7284,12
7285,14
7288,13
7290,12
7292,12
7293,13
7294,14
7296,14
7297,13
7298,14
7301,13
7303,14
7304,12
7305,11
7306,12
7307,12
7309,7
7310,12
7311,14
7312,13
7313,13
7314,13
7315,5
7317,8
7318,13
7320,13
7322,14
7323,7
7325,13
7328,12
7329,12
7330,12
7331,13
7332,5
7334,12
7335,12
7337,13
7338,12
7339,12
7340,13
7341,14
7342,13
7343,11
7344,12
7345,14
7347,13
7348,12
7349,12
7351,12
7352,14
7353,3
7354,14
7355,13
7357,13
7358,11
7359,14
7360,14
7361,14
7364,13
7365,12
7366,14
7368,14
7369,12
7371,13
7372,13
7373,13
7374,7
7375,13
7376,12
7377,13
7379,14
7381,12
7384,13
7385,14
7386,14
7387,11
7388,7
7389,14
7391,3
7393,12
7395,14
7396,13
7397,12
7398,12
7400,12
7401,7
7403,12
7405,7
7407,14
7408,12
7409,12
7412,10
7413,12
7415,14
7416,14
7418,10
7419,13
7420,14
7421,11
7425,14
7426,14
7428,7
7429,10
7430,14
7431,12
7432,14
7433,13
7434,14
7435,4
7438,14
7439,14
7441,13
7442,12
7444,12
7445,12
7446,14
7448,12
7449,12
7450,6
7451,12
7452,14
7455,12
7457,13
7459,11
7460,13
7462,13
7463,7
7464,12
7465,14
7466,14
7467,12
7468,10
7469,14
7470,14
7471,13
7472,14
7474,14
7478,12
7480,14
7482,7
7483,11
7484,14
7485,13
7486,14
7487,7
7488,13
7489,14
7490,12
7491,14
7493,12
7496,12
7497,7
7498,12
7499,7
7500,12
7501,13
7502,7
7503,12
7504,13
7506,14
7507,5
7508,12
7512,13
7513,11
7515,12
7516,12
7517,14
7519,12
7521,14
7522,12
7523,5
7525,12
7526,14
7528,12
7529,13
7530,13
7531,12
7533,13
7534,14
7535,7
7538,13
7539,14
7540,7
7541,12
7544,14
7545,13
7546,11
7548,14
7550,7
7551,13
7552,11
7553,10
7556,12
7557,12
7559,12
7560,7
7561,12
7562,12
7563,13
7565,14
7567,14
7568,14
7569,12
7571,13
7572,14
7573,14
7574,7
7575,7
7576,7
7578,14
7579,12
7580,13
7581,10
7582,9
7583,13
7584,7
7585,14
7586,14
7587,13
7588,14
7589,9
7591,12
7593,10
7594,10
7596,10
7597,14
7598,14
7599,7
7600,12
7601,12
7603,14
7604,13
7605,13
7606,9
7607,12
7609,14
7613,8
7615,12
7617,13
7618,14
7619,6
7620,12
7624,14
7625,13
7627,10
7628,12
7629,13
7630,14
7632,13
7634,12
7635,11
7636,7
7637,13
7638,13
7639,13
7640,11
7641,12
7642,13
7644,14
7645,12
7646,10
7647,14
7649,14
7650,12
7651,13
7652,12
7654,14
7655,14
7656,13
7657,13
7658,12
7659,14
7660,12
7662,14
7663,12
7664,14
7665,13
7666,12
7668,12
7669,12
7671,13
7672,14
7673,12
7674,10
7675,12
7677,13
7678,12
7679,12
7680,11
7682,13
7683,7
7684,12
7685,12
7686,12
7687,13
7688,14
7690,14
7692,7
7693,14
7695,7
7697,11
7699,14
7700,14
7701,14
7702,12
7703,7
7704,11
7705,12
7706,12
7707,14
7708,7
7710,13
7711,13
7712,10
7713,12
7714,11
7715,14
7716,14
7717,14
7720,12
7721,13
7722,14
7723,12
7724,14
7726,6
7727,12
7728,13
7730,13
7731,14
7732,12
7733,13
7734,14
7736,13
7737,13
7738,14
7740,12
7741,14
7743,13
7745,8
7746,12
7747,12
7748,14
7750,7
7751,12
7752,13
7753,14
7754,12
7755,13
7756,13
7757,11
7759,12
7760,13
7761,14
7762,13
7763,5
7765,12
7766,12
7767,13
7768,11
7771,14
7774,14
7776,12
7777,13
7778,7
7779,12
7782,14
7783,14
7784,14
7787,13
7788,13
7789,13
7790,5
7792,12
7793,7
7796,13
7797,13
7798,14
7799,10
7802,14
7804,13
7805,13
7806,13
7807,14
7808,7
7809,12
7810,14
7811,13
7812,7
7813,12
7815,10
7818,12
7820,6
7822,13
7823,12
7825,13
7826,12
7827,14
7830,11
7831,14
7832,12
7833,12
7834,12
7835,2
7838,13
7839,12
7840,12
7841,12
7842,14
7843,13
7844,12
7845,13
7846,12
7850,14
7851,13
7852,14
7853,13
7854,10
7855,14
7857,14
7861,13
7862,12
7863,14
7864,12
7865,5
7866,14
7868,14
7869,12
7871,12
7872,13
7873,6
7874,11
7875,9
7876,13
7877,12
7878,12
7880,14
7881,12
7882,13
7883,13
7884,12
7885,14
7886,7
7889,13
7891,12
7893,14
7894,14
7895,14
7896,13
7897,13
7898,14
7899,9
7900,7
7902,14
7905,13
7907,12
7908,14
7910,10
7912,9
7913,14
7915,14
7916,12
7917,12
7918,14
7919,14
7920,14
7921,2
7923,14
7924,14
7926,12
7927,10
7929,13
7930,14
7931,12
7932,12
7933,12
7934,13
7935,10
7936,13
7938,13
7939,13
7942,13
7943,12
7944,14
7946,11
7947,13
7949,12
7951,12
7954,13
7955,12
7957,14
7958,12
7959,13
7960,12
7961,13
7962,14
7963,9
7964,14
7965,13
7966,13
7967,14
7968,12
7969,12
7972,13
7974,13
7975,13
7979,13
7980,13
7981,14
7982,14
7983,12
7985,7
7986,13
7990,14
7991,12
7992,7
7993,7
7994,13
7995,11
7997,12
7999,7
8000,11
8002,12
8003,14
8004,14
8005,14
8006,14
8007,6
8008,13
8009,14
8010,10
8011,11
8014,14
8016,13
8017,13
8018,12
8019,12
8020,13
8021,13
8022,13
8023,14
8024,14
8025,14
8026,14
8027,12
8030,14
8031,12
8032,14
8033,12
8034,14
8038,11
8039,6
8041,13
8042,12
8043,6
8044,12
8045,12
8046,7
8048,6
8049,13
8050,13
8052,12
8054,13
8055,12
8056,11
8057,6
8060,13
8061,11
8062,13
8064,14
8065,12
8066,14
8067,12
8069,11
8071,14
8072,12
8074,12
8075,11
8076,14
8077,12
8078,6
8080,10
8081,13
8082,14
8083,13
8084,12
8085,12
8086,13
8087,12
8088,12
8089,14
8090,12
8091,7
8092,13
8093,10
8094,7
8095,12
8096,4
8097,10
8098,14
8099,11
8100,12
8101,14
8102,13
8103,12
8104,7
8105,9
8107,7
8109,12
8110,14
8111,7
8112,13
8113,12
8114,12
8115,10
8116,13
8118,14
8119,13
8120,14
8121,8
8123,12
8124,9
8126,13
8129,5
8130,12
8131,13
8132,13
8134,14
8135,13
8136,12
8137,12
8139,6
8140,12
8141,12
8142,12
8145,14
8146,12
8147,9
8148,13
8149,13
8150,13
8151,14
8152,13
8153,12
8154,14
8155,14
8156,7
8157,13
8159,9
8160,11
8161,14
8162,11
8163,12
8164,13
8165,12
8166,13
8167,12
8169,13
8170,14
8171,14
8172,12
8173,14
8174,12
8177,12
8180,14
8181,12
8182,12
8185,10
8186,5
8188,13
8189,12
8190,13
8191,4
8192,11
8193,10
8194,12
8195,6
8196,13
8197,14
8199,14
8200,13
8201,13
8202,12
8203,10
8204,12
8206,10
8207,7
8210,12
8211,12
8212,7
8213,14
8216,14
8217,14
8219,9
8220,12
8222,14
8223,14
8224,13
8225,14
8226,13
8227,12
8228,12
8229,2
8230,12
8231,14
8232,13
8234,11
8235,10
8236,12
8237,13
8238,12
8239,13
8241,12
8243,14
8244,5
8245,12
8246,11
8247,11
8248,14
8249,12
8251,7
8252,14
8253,10
8254,14
8255,12
8257,14
8260,12
8263,13
8265,13
8266,14
8267,13
8268,14
8270,9
8271,12
8272,13
8273,12
8275,12
8276,10
8277,12
8278,13
8279,13
8282,12
8284,12
8285,13
8286,14
8287,13
8289,12
8291,12
8292,12
8296,13
8297,12
8298,14
8299,14
8300,12
8301,14
8302,12
8304,14
8305,12
8306,13
8307,12
8308,12
8309,14
8310,13
8311,14
8312,4
8313,12
8314,14
8315,10
8316,12
8317,14
8318,14
8319,12
8321,10
8322,13
8323,12
8324,12
8325,14
8326,12
8327,7
8330,12
8331,14
8332,12
8333,14
8335,13
8337,13
8338,13
8339,10
8340,14
8341,14
8342,14
8343,11
8344,6
8345,13
8346,12
8347,12
8349,13
8350,7
8351,13
8352,3
8354,14
8355,13
8357,14
8359,11
8361,13
8362,10
8363,14
8366,13
8367,13
8368,5
8370,13
8372,14
8373,12
8374,12
8375,14
8376,10
8377,13
8379,14
8382,13
8383,14
8385,13
8386,12
8388,12
8389,12
8390,12
8391,13
8393,13
8394,12
8395,13
8397,13
8398,10
8399,11
8400,12
8402,13
8403,14
8408,12
8409,13
8410,12
8411,11
8412,13
8413,13
8414,14
8415,14
8417,7
8418,14
8419,13
8420,11
8421,12
8423,12
8426,12
8427,7
8428,10
8429,13
8430,6
8431,13
8432,12
8433,12
8434,13
8435,3
8436,12
8438,13
8439,12
8441,14
8444,14
8447,11
8450,13
8454,11
8455,12
8456,10
8457,14
8461,12
8462,12
8463,13
8464,12
8465,13
8466,13
8467,10
8468,14
8469,12
8470,14
8471,12
8472,13
8474,13
8475,10
8478,14
8479,13
8480,11
8482,14
8483,3
8484,12
8485,12
8488,14
8489,12
8492,12
8494,5
8495,12
8496,13
8497,10
8499,12
8500,11
8501,14
8502,14
8503,14
8504,11
8506,14
8507,12
8508,12
8510,13
8511,11
8512,14
8513,12
8514,12
8515,5
8516,7
8517,14
8518,13
8520,14
8521,13
8522,13
8523,13
8524,13
8526,14
8527,7
8528,13
8531,13
8532,7
8534,12
8535,12
8536,13
8538,14
8539,6
8540,13
8541,13
8542,11
8543,12
8544,11
8545,7
8546,13
8547,14
8548,10
8550,12
8551,12
8552,13
8553,12
8554,9
8555,11
8556,13
8557,12
8558,14
8559,10
8560,10
8561,12
8562,14
8563,12
8564,12
8566,13
8567,12
8569,13
8570,13
8571,14
8572,12
8573,14
8574,14
8575,12
8576,14
8577,13
8578,12
8579,13
8580,2
8581,13
8584,12
8586,12
8587,7
8588,10
8589,14
8590,7
8591,12
8592,14
8593,5
8594,11
8595,12
8597,14
8599,14
8602,14
8603,13
8604,12
8605,14
8606,13
8607,14
8608,10
8609,12
8610,13
8611,10
8612,13
8613,12
8614,12
8615,14
8617,14
8618,13
8620,5
8621,12
8623,12
8624,14
8625,12
8627,12
8628,10
8629,13
8630,14
8631,14
8632,11
8633,14
8634,6
8635,13
8636,10
8637,7
8638,7
8639,14
8640,13
8642,10
8643,14
8644,13
8645,13
8647,12
8648,7
8649,14
8650,12
8651,13
8652,12
8653,12
8654,14
8655,12
8656,12
8657,13
8658,14
8659,13
8660,12
8662,10
8663,12
8664,13
8665,14
8666,12
8667,14
8668,7
8669,14
8671,12
8672,14
8674,6
8678,14
8679,13
8680,11
8681,12
8682,13
8683,12
8684,12
8685,13
8688,14
8689,13
8691,12
8692,10
8694,12
8699,7
8700,14
8701,14
8702,9
8703,12
8704,12
8705,14
8706,12
8707,12
8708,14
8709,7
8710,13
8711,7
8712,12
8713,13
8714,14
8719,12
8721,10
8723,12
8724,12
8725,13
8726,14
8727,14
8729,14
8730,14
8731,13
8732,12
8733,12
8734,14
8737,10
8738,13
8740,14
8741,12
8743,6
8744,12
8745,12
8746,11
8748,13
8750,13
8751,6
8753,6
8754,7
8758,13
8759,14
8760,14
8762,12
8763,12
8764,14
8766,12
8768,14
8769,12
8770,12
8771,14
8777,10
8778,7
8779,13
8780,7
8782,14
8784,10
8785,8
8786,11
8787,12
8789,7
8790,14
8791,12
8792,13
8793,13
8794,12
8795,12
8797,13
8798,14
8799,13
8800,12
8801,11
8802,12
8803,13
8804,13
8805,13
8806,13
8807,12
8808,13
8809,14
8811,12
8812,12
8813,12
8816,12
8817,14
8818,7
8819,13
8820,12
8823,13
8824,13
8826,13
8827,12
8829,13
8832,12
8833,8
8834,14
8835,12
8836,13
8838,7
8839,11
8840,12
8842,14
8843,12
8845,13
8846,7
8847,12
8848,11
8849,7
8850,12
8851,7
8852,12
8854,12
8855,14
8856,13
8857,12
8859,14
8860,13
8861,14
8862,13
8863,12
8864,12
8865,12
8867,12
8868,14
8870,5
8871,13
8872,13
8873,12
8874,7
8875,9
8876,12
8877,12
8878,14
8879,5
8880,11
8881,12
8882,6
8883,14
8884,12
8885,5
8886,12
8887,12
8889,14
8890,11
8891,13
8892,14
8895,14
8896,12
8897,12
8898,12
8899,13
8901,12
8903,11
8905,12
8906,14
8908,12
8910,12
8911,13
8912,12
8913,13
8915,7
8916,12
8918,11
8919,13
8920,12
8921,12
8922,14
8923,13
8924,12
8925,14
8930,11
8931,13
8932,14
8933,11
8934,11
8935,12
8937,5
8938,13
8939,12
8941,13
8942,12
8943,7
8944,12
8945,5
8946,13
8947,5
8951,14
8952,13
8954,13
8955,13
8956,12
8958,7
8959,12
8960,13
8962,14
8963,13
8964,10
8966,13
8967,14
8968,7
8969,13
8970,14
8971,12
8972,5
8973,13
8974,12
8975,12
8977,5
8978,14
8979,14
8980,12
8982,13
8983,12
8984,12
8986,9
8988,14
8989,14
8990,14
8992,9
8993,14
8996,12
8998,10
8999,4
9000,12
9001,7
9003,12
9004,13
9005,13
9006,13
9007,12
9008,14
9013,13
9016,7
9017,14
9019,7
9020,14
9022,12
9024,12
9025,10
9026,14
9028,13
9029,14
9030,13
9031,14
9032,14
9033,14
9034,13
9035,5
9036,10
9037,14
9038,12
9039,12
9040,12
9041,13
9042,7
9043,13
9044,14
9045,14
9046,14
9047,13
9048,13
9050,13
9052,14
9053,10
9055,14
9057,14
9058,14
9059,14
9060,11
9061,8
9062,12
9063,9
9064,12
9066,13
9067,14
9068,12
9069,12
9070,7
9071,12
9072,13
9073,11
9074,12
9075,14
9077,14
9080,12
9081,13
9083,11
9085,6
9086,14
9087,13
9088,12
9089,11
9090,10
9091,12
9092,12
9093,12
9094,11
9095,4
9097,7
9098,13
9100,10
9101,14
9103,5
9105,13
9108,12
9109,7
9110,12
9112,12
9113,12
9114,13
9115,11
9117,9
9120,13
9121,14
9122,7
9124,13
9125,13
9126,10
9127,12
9128,12
9129,12
9130,13
9132,14
9134,13
9137,12
9138,12
9140,14
9141,12
9143,10
9144,12
9145,12
9146,7
9147,12
9148,12
9149,14
9150,5
9151,12
9152,12
9154,8
9155,12
9156,13
9157,12
9158,13
9159,13
9161,11
9162,10
9163,13
9164,12
9165,8
9166,12
9167,12
9168,12
9169,12
9170,13
9173,7
9174,6
9175,11
9176,7
9177,12
9178,14
9179,11
9180,7
9181,14
9182,12
9183,10
9184,9
9185,6
9188,12
9189,12
9191,13
9192,12
9194,14
9196,14
9197,12
9201,6
9202,13
9203,9
9204,14
9205,12
9206,14
9207,12
9208,14
9209,11
9212,14
9214,13
9216,12
9218,13
9219,13
9220,11
9221,11
9223,13
9225,5
9226,7
9227,4
9228,14
9230,14
9231,14
9232,10
9233,12
9234,14
9236,12
9239,13
9240,13
9241,12
9242,7
9243,14
9244,14
9245,11
9247,12
9248,12
9249,14
9250,14
9251,12
9252,13
9253,13
9254,14
9256,11
9258,13
9259,11
9260,12
9261,14
9262,13
9263,13
9264,5
9265,12
9266,14
9267,12
9268,13
9269,12
9270,5
9271,12
9272,13
9273,14
9274,12
9276,13
9277,13
9278,12
9279,13
9280,14
9281,13
9282,11
9283,14
9284,13
9285,11
9287,12
9288,12
9289,13
9290,7
9291,10
9293,12
9294,14
9295,7
9296,13
9297,12
9298,14
9299,10
9300,12
9302,14
9303,8
9304,13
9305,14
9306,14
9307,14
9308,14
9310,7
9311,12
9312,13
9314,13
9315,14
9316,12
9320,12
9321,12
9323,14
9324,14
9325,12
9326,12
9327,11
9328,14
9331,13
9332,12
9333,5
9334,14
9335,11
9336,10
9338,11
9339,5
9341,13
9343,11
9344,12
9345,7
9346,13
9347,12
9350,12
9352,12
9353,12
9354,14
9355,13
9356,14
9357,14
9358,13
9359,8
9360,13
9362,14
9363,10
9364,12
9365,11
9366,12
9369,12
9370,14
9371,12
9372,13
9373,14
9375,13
9376,13
9377,14
9378,12
9379,12
9380,13
9381,7
9382,10
9385,13
9386,10
9387,12
9388,5
9389,3
9391,12
9392,13
9394,8
9395,10
9397,7
9398,13
9400,13
9403,14
9404,12
9405,14
9406,14
9407,14
9409,11
9410,14
9411,12
9412,11
9413,14
9414,11
9416,13
9417,11
9419,7
9420,13
9421,13
9422,14
9423,7
9424,9
9425,14
9428,13
9429,12
9430,8
9431,12
9433,12
9434,14
9435,6
9436,5
9437,12
9438,12
9439,8
9440,10
9443,13
9446,13
9447,12
9450,13
9451,6
9452,13
9453,6
9454,12
9455,12
9456,14
9459,12
9460,11
9461,14
9462,7
9463,12
9465,13
9468,10
9469,10
9470,5
9471,14
9472,5
9473,12
9474,12
9475,14
9476,12
9477,9
9478,14
9479,13
9480,12
9481,14
9482,11
9484,12
9485,12
9486,13
9487,14
9489,13
9490,12
9491,12
9492,14
9494,14
9495,13
9496,13
9497,12
9500,12
9502,12
9503,12
9504,13
9505,12
9506,14
9507,10
9508,12
9509,12
9510,13
9512,14
9513,9
9514,13
9516,6
9517,12
9518,12
9519,13
9520,13
9521,12
9522,10
9523,13
9524,14
9526,7
9528,13
9532,13
9534,13
9535,14
9536,12
9537,12
9538,13
9540,13
9544,10
9545,14
9546,13
9547,14
9548,12
9549,13
9550,11
9552,9
9553,14
9554,10
9555,3
9556,13
9557,9
9559,13
9560,14
9561,12
9562,12
9563,12
9564,11
9565,14
9566,13
9568,12
9570,12
9572,14
9574,9
9575,13
9576,12
9579,8
9580,13
9581,5
9583,10
9584,14
9585,14
9587,14
9589,10
9591,12
9592,12
9594,13
9595,13
9596,5
9597,14
9598,12
9599,14
9600,12
9602,12
9604,12
9607,14
9608,13
9609,12
9611,14
9613,14
9614,13
9615,9
9616,12
9617,12
9618,13
9619,12
9620,14
9622,12
9623,14
9624,12
9625,9
9626,12
9627,7
9629,11
9632,14
9633,13
9634,7
9635,14
9636,13
9637,12
9638,13
9639,12
9640,13
9641,13
9642,13
9644,14
9645,12
9646,13
9648,9
9649,14
9650,14
9651,9
9652,10
9653,14
9656,14
9657,6
9658,14
9659,7
9660,13
9661,13
9663,12
9666,12
9667,13
9669,13
9671,14
9672,7
9673,13
9675,13
9676,3
9677,13
9678,14
9679,13
9680,12
9681,13
9683,14
9684,13
9685,10
9688,7
9689,12
9690,13
9691,12
9692,12
9693,13
9694,13
9696,13
9697,14
9698,14
9699,10
9700,14
9701,14
9702,14
9703,7
9704,11
9707,14
9708,13
9710,12
9711,12
9712,11
9713,7
9714,13
9715,13
9717,10
9718,13
9719,4
9722,12
9724,14
9725,12
9726,12
9730,4
9732,14
9733,11
9734,7
9735,12
9736,12
9737,13
9739,14
9740,14
9741,14
9742,12
9743,7
9745,14
9747,5
9748,14
9749,10
9750,7
9751,13
9753,13
9754,14
9755,13
9757,13
9758,14
9759,13
9760,14
9761,13
9763,14
9764,7
9766,12
9767,12
9768,13
9769,13
9770,5
9771,14
9775,13
9776,12
9777,12
9778,13
9780,14
9781,13
9782,13
9784,12
9785,11
9787,10
9788,13
9789,12
9791,7
9792,12
9793,12
9794,14
9796,12
9797,12
9798,14
9799,14
9801,7
9802,11
9803,13
9804,14
9805,13
9806,13
9807,14
9808,14
9809,13
9811,13
9812,14
9813,14
9816,6
9817,14
9818,12
9822,7
9823,14
9824,13
9825,14
9826,14
9827,9
9828,14
9829,12
9831,12
9832,12
9833,13
9834,7
9836,14
9837,9
9838,12
9839,14
9840,10
9841,13
9842,12
9843,14
9846,13
9847,14
9849,14
9850,14
9851,12
9852,7
9853,12
9855,13
9856,13
9857,14
9858,7
9859,14
9860,13
9861,13
9862,14
9863,12
9865,7
9866,10
9867,12
9868,14
9869,12
9870,12
9871,14
9874,7
9875,14
9877,12
9878,5
9879,14
9881,13
9882,5
9883,7
9884,6
9885,12
9886,12
9887,13
9888,14
9889,6
9890,13
9891,14
9892,12
9893,14
9894,12
9897,14
9898,5
9899,14
9900,5
9901,13
9903,14
9904,13
9906,12
9909,12
9911,13
9912,14
9916,12
9917,12
9918,10
9919,14
9920,13
9921,11
9923,12
9924,13
9926,12
9929,9
9930,14
9931,12
9933,10
9936,7
9939,13
9941,14
9942,13
9943,12
9944,7
9945,14
9946,12
9947,14
9948,12
9949,9
9950,14
9951,10
9952,14
9953,14
9954,10
9956,10
9957,12
9958,12
9959,13
9960,6
9961,9
9962,7
9964,10
9965,12
9966,14
9967,13
9968,12
9969,10
9970,12
9971,11
9972,10
9973,7
9974,12
9977,13
9978,11
9979,14
9980,12
9981,12
9982,13
9983,13
9984,12
9985,11
9986,12
9987,12
9988,12
9989,12
9991,12
9992,14
9993,13
9994,10
9995,7
9996,14
9997,13
9999,13
10000,13
